[{"model": "contenttypes.contenttype", "pk": 1, "fields": {"app_label": "admin", "model": "logentry"}}, {"model": "contenttypes.contenttype", "pk": 2, "fields": {"app_label": "auth", "model": "permission"}}, {"model": "contenttypes.contenttype", "pk": 3, "fields": {"app_label": "auth", "model": "group"}}, {"model": "contenttypes.contenttype", "pk": 4, "fields": {"app_label": "auth", "model": "user"}}, {"model": "contenttypes.contenttype", "pk": 5, "fields": {"app_label": "contenttypes", "model": "contenttype"}}, {"model": "contenttypes.contenttype", "pk": 6, "fields": {"app_label": "sessions", "model": "session"}}, {"model": "contenttypes.contenttype", "pk": 7, "fields": {"app_label": "pygithub_api_integration", "model": "issue"}}, {"model": "contenttypes.contenttype", "pk": 8, "fields": {"app_label": "pygithub_api_integration", "model": "contributingweek"}}, {"model": "contenttypes.contenttype", "pk": 9, "fields": {"app_label": "pygithub_api_integration", "model": "contributor"}}, {"model": "contenttypes.contenttype", "pk": 10, "fields": {"app_label": "pygithub_api_integration", "model": "repository"}}, {"model": "contenttypes.contenttype", "pk": 11, "fields": {"app_label": "pygithub_api_integration", "model": "commit"}}, {"model": "contenttypes.contenttype", "pk": 12, "fields": {"app_label": "ranking_commiters", "model": "weight"}}, {"model": "pygithub_api_integration.repository", "pk": 1, "fields": {"full_name": "fga-gpp-mds/2018.1-Cardinals", "name": "2018.1-Cardinals"}}, {"model": "pygithub_api_integration.contributor", "pk": 4073773, "fields": {"name": "Guilherme da Luz", "email": "guilherme.daluz@outlook.com", "login": "daluzguilherme", "commits": 32, "line_code": 0, "issues_created": 0, "issues_closed": 0, "score": null, "repository": [1]}}, {"model": "pygithub_api_integration.contributor", "pk": 4529055, "fields": {"name": "Lucas Costa", "email": null, "login": "lucasca73", "commits": 8, "line_code": 0, "issues_created": 0, "issues_closed": 0, "score": null, "repository": [1]}}, {"model": "pygithub_api_integration.contributor", "pk": 12221113, "fields": {"name": "Marlon Mendes", "email": "marlonciriatico@gmail.com", "login": "marlonbymendes", "commits": 35, "line_code": 0, "issues_created": 0, "issues_closed": 0, "score": null, "repository": [1]}}, {"model": "pygithub_api_integration.contributor", "pk": 14143623, "fields": {"name": "Mik", "email": null, "login": "MiguelNery", "commits": 1, "line_code": 0, "issues_created": 0, "issues_closed": 0, "score": null, "repository": [1]}}, {"model": "pygithub_api_integration.contributor", "pk": 16064248, "fields": {"name": "Amanda Bezerra", "email": null, "login": "amandabezerra", "commits": 49, "line_code": 0, "issues_created": 0, "issues_closed": 0, "score": null, "repository": [1]}}, {"model": "pygithub_api_integration.contributor", "pk": 18116735, "fields": {"name": "Mateus Augusto Sousa e Silva", "email": "mateusaugusto-2009@hotmail.com", "login": "Mateusas3s", "commits": 36, "line_code": 0, "issues_created": 0, "issues_closed": 0, "score": null, "repository": [1]}}, {"model": "pygithub_api_integration.contributor", "pk": 26290053, "fields": {"name": "Victor Moura", "email": "victor_cmoura@hotmail.com", "login": "victorcmoura", "commits": 1, "line_code": 0, "issues_created": 0, "issues_closed": 0, "score": null, "repository": [1]}}, {"model": "pygithub_api_integration.contributor", "pk": 30262806, "fields": {"name": "Lorrany Azevedo", "email": "lorrany90@gmail.com", "login": "lorryaze", "commits": 9, "line_code": 0, "issues_created": 0, "issues_closed": 0, "score": null, "repository": [1]}}, {"model": "pygithub_api_integration.contributor", "pk": 30712408, "fields": {"name": "Jo\u00e3o Pedro", "email": "jpmartins201@live.com", "login": "jpmartins201", "commits": 11, "line_code": 0, "issues_created": 0, "issues_closed": 0, "score": null, "repository": [1]}}, {"model": "pygithub_api_integration.contributor", "pk": 32913216, "fields": {"name": "Gustavo Duarte Moreira", "email": null, "login": "gustavoduartemoreira", "commits": 15, "line_code": 0, "issues_created": 0, "issues_closed": 0, "score": null, "repository": [1]}}, {"model": "pygithub_api_integration.contributor", "pk": 37123561, "fields": {"name": "Matheus Gomes", "email": null, "login": "matheusgomesf", "commits": 13, "line_code": 0, "issues_created": 0, "issues_closed": 0, "score": null, "repository": [1]}}, {"model": "pygithub_api_integration.contributingweek", "pk": 1, "fields": {"week": "2018-03-04 00:00:00", "line_add": 0, "line_del": 0, "commits": 0, "contributor": 14143623}}, {"model": "pygithub_api_integration.contributingweek", "pk": 2, "fields": {"week": "2018-03-11 00:00:00", "line_add": 0, "line_del": 0, "commits": 0, "contributor": 14143623}}, {"model": "pygithub_api_integration.contributingweek", "pk": 3, "fields": {"week": "2018-03-18 00:00:00", "line_add": 1, "line_del": 1, "commits": 1, "contributor": 14143623}}, {"model": "pygithub_api_integration.contributingweek", "pk": 4, "fields": {"week": "2018-03-25 00:00:00", "line_add": 0, "line_del": 0, "commits": 0, "contributor": 14143623}}, {"model": "pygithub_api_integration.contributingweek", "pk": 5, "fields": {"week": "2018-04-01 00:00:00", "line_add": 0, "line_del": 0, "commits": 0, "contributor": 14143623}}, {"model": "pygithub_api_integration.contributingweek", "pk": 6, "fields": {"week": "2018-04-08 00:00:00", "line_add": 0, "line_del": 0, "commits": 0, "contributor": 14143623}}, {"model": "pygithub_api_integration.contributingweek", "pk": 7, "fields": {"week": "2018-04-15 00:00:00", "line_add": 0, "line_del": 0, "commits": 0, "contributor": 14143623}}, {"model": "pygithub_api_integration.contributingweek", "pk": 8, "fields": {"week": "2018-04-22 00:00:00", "line_add": 0, "line_del": 0, "commits": 0, "contributor": 14143623}}, {"model": "pygithub_api_integration.contributingweek", "pk": 9, "fields": {"week": "2018-04-29 00:00:00", "line_add": 0, "line_del": 0, "commits": 0, "contributor": 14143623}}, {"model": "pygithub_api_integration.contributingweek", "pk": 10, "fields": {"week": "2018-05-06 00:00:00", "line_add": 0, "line_del": 0, "commits": 0, "contributor": 14143623}}, {"model": "pygithub_api_integration.contributingweek", "pk": 11, "fields": {"week": "2018-05-13 00:00:00", "line_add": 0, "line_del": 0, "commits": 0, "contributor": 14143623}}, {"model": "pygithub_api_integration.contributingweek", "pk": 12, "fields": {"week": "2018-05-20 00:00:00", "line_add": 0, "line_del": 0, "commits": 0, "contributor": 14143623}}, {"model": "pygithub_api_integration.contributingweek", "pk": 13, "fields": {"week": "2018-05-27 00:00:00", "line_add": 0, "line_del": 0, "commits": 0, "contributor": 14143623}}, {"model": "pygithub_api_integration.contributingweek", "pk": 14, "fields": {"week": "2018-03-04 00:00:00", "line_add": 1, "line_del": 0, "commits": 1, "contributor": 26290053}}, {"model": "pygithub_api_integration.contributingweek", "pk": 15, "fields": {"week": "2018-03-11 00:00:00", "line_add": 0, "line_del": 0, "commits": 0, "contributor": 26290053}}, {"model": "pygithub_api_integration.contributingweek", "pk": 16, "fields": {"week": "2018-03-18 00:00:00", "line_add": 0, "line_del": 0, "commits": 0, "contributor": 26290053}}, {"model": "pygithub_api_integration.contributingweek", "pk": 17, "fields": {"week": "2018-03-25 00:00:00", "line_add": 0, "line_del": 0, "commits": 0, "contributor": 26290053}}, {"model": "pygithub_api_integration.contributingweek", "pk": 18, "fields": {"week": "2018-04-01 00:00:00", "line_add": 0, "line_del": 0, "commits": 0, "contributor": 26290053}}, {"model": "pygithub_api_integration.contributingweek", "pk": 19, "fields": {"week": "2018-04-08 00:00:00", "line_add": 0, "line_del": 0, "commits": 0, "contributor": 26290053}}, {"model": "pygithub_api_integration.contributingweek", "pk": 20, "fields": {"week": "2018-04-15 00:00:00", "line_add": 0, "line_del": 0, "commits": 0, "contributor": 26290053}}, {"model": "pygithub_api_integration.contributingweek", "pk": 21, "fields": {"week": "2018-04-22 00:00:00", "line_add": 0, "line_del": 0, "commits": 0, "contributor": 26290053}}, {"model": "pygithub_api_integration.contributingweek", "pk": 22, "fields": {"week": "2018-04-29 00:00:00", "line_add": 0, "line_del": 0, "commits": 0, "contributor": 26290053}}, {"model": "pygithub_api_integration.contributingweek", "pk": 23, "fields": {"week": "2018-05-06 00:00:00", "line_add": 0, "line_del": 0, "commits": 0, "contributor": 26290053}}, {"model": "pygithub_api_integration.contributingweek", "pk": 24, "fields": {"week": "2018-05-13 00:00:00", "line_add": 0, "line_del": 0, "commits": 0, "contributor": 26290053}}, {"model": "pygithub_api_integration.contributingweek", "pk": 25, "fields": {"week": "2018-05-20 00:00:00", "line_add": 0, "line_del": 0, "commits": 0, "contributor": 26290053}}, {"model": "pygithub_api_integration.contributingweek", "pk": 26, "fields": {"week": "2018-05-27 00:00:00", "line_add": 0, "line_del": 0, "commits": 0, "contributor": 26290053}}, {"model": "pygithub_api_integration.contributingweek", "pk": 27, "fields": {"week": "2018-03-04 00:00:00", "line_add": 0, "line_del": 0, "commits": 0, "contributor": 4529055}}, {"model": "pygithub_api_integration.contributingweek", "pk": 28, "fields": {"week": "2018-03-11 00:00:00", "line_add": 9, "line_del": 9, "commits": 1, "contributor": 4529055}}, {"model": "pygithub_api_integration.contributingweek", "pk": 29, "fields": {"week": "2018-03-18 00:00:00", "line_add": 1510, "line_del": 0, "commits": 2, "contributor": 4529055}}, {"model": "pygithub_api_integration.contributingweek", "pk": 30, "fields": {"week": "2018-03-25 00:00:00", "line_add": 2, "line_del": 95, "commits": 2, "contributor": 4529055}}, {"model": "pygithub_api_integration.contributingweek", "pk": 31, "fields": {"week": "2018-04-01 00:00:00", "line_add": 615, "line_del": 0, "commits": 3, "contributor": 4529055}}, {"model": "pygithub_api_integration.contributingweek", "pk": 32, "fields": {"week": "2018-04-08 00:00:00", "line_add": 0, "line_del": 0, "commits": 0, "contributor": 4529055}}, {"model": "pygithub_api_integration.contributingweek", "pk": 33, "fields": {"week": "2018-04-15 00:00:00", "line_add": 0, "line_del": 0, "commits": 0, "contributor": 4529055}}, {"model": "pygithub_api_integration.contributingweek", "pk": 34, "fields": {"week": "2018-04-22 00:00:00", "line_add": 0, "line_del": 0, "commits": 0, "contributor": 4529055}}, {"model": "pygithub_api_integration.contributingweek", "pk": 35, "fields": {"week": "2018-04-29 00:00:00", "line_add": 0, "line_del": 0, "commits": 0, "contributor": 4529055}}, {"model": "pygithub_api_integration.contributingweek", "pk": 36, "fields": {"week": "2018-05-06 00:00:00", "line_add": 0, "line_del": 0, "commits": 0, "contributor": 4529055}}, {"model": "pygithub_api_integration.contributingweek", "pk": 37, "fields": {"week": "2018-05-13 00:00:00", "line_add": 0, "line_del": 0, "commits": 0, "contributor": 4529055}}, {"model": "pygithub_api_integration.contributingweek", "pk": 38, "fields": {"week": "2018-05-20 00:00:00", "line_add": 0, "line_del": 0, "commits": 0, "contributor": 4529055}}, {"model": "pygithub_api_integration.contributingweek", "pk": 39, "fields": {"week": "2018-05-27 00:00:00", "line_add": 0, "line_del": 0, "commits": 0, "contributor": 4529055}}, {"model": "pygithub_api_integration.contributingweek", "pk": 40, "fields": {"week": "2018-03-04 00:00:00", "line_add": 0, "line_del": 0, "commits": 0, "contributor": 30262806}}, {"model": "pygithub_api_integration.contributingweek", "pk": 41, "fields": {"week": "2018-03-11 00:00:00", "line_add": 0, "line_del": 0, "commits": 0, "contributor": 30262806}}, {"model": "pygithub_api_integration.contributingweek", "pk": 42, "fields": {"week": "2018-03-18 00:00:00", "line_add": 0, "line_del": 0, "commits": 0, "contributor": 30262806}}, {"model": "pygithub_api_integration.contributingweek", "pk": 43, "fields": {"week": "2018-03-25 00:00:00", "line_add": 51, "line_del": 29, "commits": 5, "contributor": 30262806}}, {"model": "pygithub_api_integration.contributingweek", "pk": 44, "fields": {"week": "2018-04-01 00:00:00", "line_add": 0, "line_del": 0, "commits": 0, "contributor": 30262806}}, {"model": "pygithub_api_integration.contributingweek", "pk": 45, "fields": {"week": "2018-04-08 00:00:00", "line_add": 50, "line_del": 9, "commits": 2, "contributor": 30262806}}, {"model": "pygithub_api_integration.contributingweek", "pk": 46, "fields": {"week": "2018-04-15 00:00:00", "line_add": 57, "line_del": 3, "commits": 2, "contributor": 30262806}}, {"model": "pygithub_api_integration.contributingweek", "pk": 47, "fields": {"week": "2018-04-22 00:00:00", "line_add": 0, "line_del": 0, "commits": 0, "contributor": 30262806}}, {"model": "pygithub_api_integration.contributingweek", "pk": 48, "fields": {"week": "2018-04-29 00:00:00", "line_add": 0, "line_del": 0, "commits": 0, "contributor": 30262806}}, {"model": "pygithub_api_integration.contributingweek", "pk": 49, "fields": {"week": "2018-05-06 00:00:00", "line_add": 0, "line_del": 0, "commits": 0, "contributor": 30262806}}, {"model": "pygithub_api_integration.contributingweek", "pk": 50, "fields": {"week": "2018-05-13 00:00:00", "line_add": 0, "line_del": 0, "commits": 0, "contributor": 30262806}}, {"model": "pygithub_api_integration.contributingweek", "pk": 51, "fields": {"week": "2018-05-20 00:00:00", "line_add": 0, "line_del": 0, "commits": 0, "contributor": 30262806}}, {"model": "pygithub_api_integration.contributingweek", "pk": 52, "fields": {"week": "2018-05-27 00:00:00", "line_add": 0, "line_del": 0, "commits": 0, "contributor": 30262806}}, {"model": "pygithub_api_integration.contributingweek", "pk": 53, "fields": {"week": "2018-03-04 00:00:00", "line_add": 0, "line_del": 0, "commits": 0, "contributor": 30712408}}, {"model": "pygithub_api_integration.contributingweek", "pk": 54, "fields": {"week": "2018-03-11 00:00:00", "line_add": 0, "line_del": 0, "commits": 0, "contributor": 30712408}}, {"model": "pygithub_api_integration.contributingweek", "pk": 55, "fields": {"week": "2018-03-18 00:00:00", "line_add": 0, "line_del": 0, "commits": 0, "contributor": 30712408}}, {"model": "pygithub_api_integration.contributingweek", "pk": 56, "fields": {"week": "2018-03-25 00:00:00", "line_add": 17, "line_del": 18, "commits": 2, "contributor": 30712408}}, {"model": "pygithub_api_integration.contributingweek", "pk": 57, "fields": {"week": "2018-04-01 00:00:00", "line_add": 0, "line_del": 0, "commits": 0, "contributor": 30712408}}, {"model": "pygithub_api_integration.contributingweek", "pk": 58, "fields": {"week": "2018-04-08 00:00:00", "line_add": 54, "line_del": 28, "commits": 3, "contributor": 30712408}}, {"model": "pygithub_api_integration.contributingweek", "pk": 59, "fields": {"week": "2018-04-15 00:00:00", "line_add": 206, "line_del": 27, "commits": 6, "contributor": 30712408}}, {"model": "pygithub_api_integration.contributingweek", "pk": 60, "fields": {"week": "2018-04-22 00:00:00", "line_add": 0, "line_del": 0, "commits": 0, "contributor": 30712408}}, {"model": "pygithub_api_integration.contributingweek", "pk": 61, "fields": {"week": "2018-04-29 00:00:00", "line_add": 0, "line_del": 0, "commits": 0, "contributor": 30712408}}, {"model": "pygithub_api_integration.contributingweek", "pk": 62, "fields": {"week": "2018-05-06 00:00:00", "line_add": 0, "line_del": 0, "commits": 0, "contributor": 30712408}}, {"model": "pygithub_api_integration.contributingweek", "pk": 63, "fields": {"week": "2018-05-13 00:00:00", "line_add": 0, "line_del": 0, "commits": 0, "contributor": 30712408}}, {"model": "pygithub_api_integration.contributingweek", "pk": 64, "fields": {"week": "2018-05-20 00:00:00", "line_add": 0, "line_del": 0, "commits": 0, "contributor": 30712408}}, {"model": "pygithub_api_integration.contributingweek", "pk": 65, "fields": {"week": "2018-05-27 00:00:00", "line_add": 0, "line_del": 0, "commits": 0, "contributor": 30712408}}, {"model": "pygithub_api_integration.contributingweek", "pk": 66, "fields": {"week": "2018-03-04 00:00:00", "line_add": 0, "line_del": 0, "commits": 0, "contributor": 37123561}}, {"model": "pygithub_api_integration.contributingweek", "pk": 67, "fields": {"week": "2018-03-11 00:00:00", "line_add": 0, "line_del": 0, "commits": 0, "contributor": 37123561}}, {"model": "pygithub_api_integration.contributingweek", "pk": 68, "fields": {"week": "2018-03-18 00:00:00", "line_add": 0, "line_del": 0, "commits": 0, "contributor": 37123561}}, {"model": "pygithub_api_integration.contributingweek", "pk": 69, "fields": {"week": "2018-03-25 00:00:00", "line_add": 33, "line_del": 33, "commits": 4, "contributor": 37123561}}, {"model": "pygithub_api_integration.contributingweek", "pk": 70, "fields": {"week": "2018-04-01 00:00:00", "line_add": 0, "line_del": 0, "commits": 0, "contributor": 37123561}}, {"model": "pygithub_api_integration.contributingweek", "pk": 71, "fields": {"week": "2018-04-08 00:00:00", "line_add": 21969, "line_del": 41, "commits": 5, "contributor": 37123561}}, {"model": "pygithub_api_integration.contributingweek", "pk": 72, "fields": {"week": "2018-04-15 00:00:00", "line_add": 201, "line_del": 97, "commits": 4, "contributor": 37123561}}, {"model": "pygithub_api_integration.contributingweek", "pk": 73, "fields": {"week": "2018-04-22 00:00:00", "line_add": 0, "line_del": 0, "commits": 0, "contributor": 37123561}}, {"model": "pygithub_api_integration.contributingweek", "pk": 74, "fields": {"week": "2018-04-29 00:00:00", "line_add": 0, "line_del": 0, "commits": 0, "contributor": 37123561}}, {"model": "pygithub_api_integration.contributingweek", "pk": 75, "fields": {"week": "2018-05-06 00:00:00", "line_add": 0, "line_del": 0, "commits": 0, "contributor": 37123561}}, {"model": "pygithub_api_integration.contributingweek", "pk": 76, "fields": {"week": "2018-05-13 00:00:00", "line_add": 0, "line_del": 0, "commits": 0, "contributor": 37123561}}, {"model": "pygithub_api_integration.contributingweek", "pk": 77, "fields": {"week": "2018-05-20 00:00:00", "line_add": 0, "line_del": 0, "commits": 0, "contributor": 37123561}}, {"model": "pygithub_api_integration.contributingweek", "pk": 78, "fields": {"week": "2018-05-27 00:00:00", "line_add": 0, "line_del": 0, "commits": 0, "contributor": 37123561}}, {"model": "pygithub_api_integration.contributingweek", "pk": 79, "fields": {"week": "2018-03-04 00:00:00", "line_add": 0, "line_del": 0, "commits": 0, "contributor": 32913216}}, {"model": "pygithub_api_integration.contributingweek", "pk": 80, "fields": {"week": "2018-03-11 00:00:00", "line_add": 0, "line_del": 0, "commits": 0, "contributor": 32913216}}, {"model": "pygithub_api_integration.contributingweek", "pk": 81, "fields": {"week": "2018-03-18 00:00:00", "line_add": 101, "line_del": 1, "commits": 1, "contributor": 32913216}}, {"model": "pygithub_api_integration.contributingweek", "pk": 82, "fields": {"week": "2018-03-25 00:00:00", "line_add": 4, "line_del": 3, "commits": 4, "contributor": 32913216}}, {"model": "pygithub_api_integration.contributingweek", "pk": 83, "fields": {"week": "2018-04-01 00:00:00", "line_add": 0, "line_del": 0, "commits": 0, "contributor": 32913216}}, {"model": "pygithub_api_integration.contributingweek", "pk": 84, "fields": {"week": "2018-04-08 00:00:00", "line_add": 129, "line_del": 63, "commits": 6, "contributor": 32913216}}, {"model": "pygithub_api_integration.contributingweek", "pk": 85, "fields": {"week": "2018-04-15 00:00:00", "line_add": 460, "line_del": 100, "commits": 4, "contributor": 32913216}}, {"model": "pygithub_api_integration.contributingweek", "pk": 86, "fields": {"week": "2018-04-22 00:00:00", "line_add": 0, "line_del": 0, "commits": 0, "contributor": 32913216}}, {"model": "pygithub_api_integration.contributingweek", "pk": 87, "fields": {"week": "2018-04-29 00:00:00", "line_add": 0, "line_del": 0, "commits": 0, "contributor": 32913216}}, {"model": "pygithub_api_integration.contributingweek", "pk": 88, "fields": {"week": "2018-05-06 00:00:00", "line_add": 0, "line_del": 0, "commits": 0, "contributor": 32913216}}, {"model": "pygithub_api_integration.contributingweek", "pk": 89, "fields": {"week": "2018-05-13 00:00:00", "line_add": 0, "line_del": 0, "commits": 0, "contributor": 32913216}}, {"model": "pygithub_api_integration.contributingweek", "pk": 90, "fields": {"week": "2018-05-20 00:00:00", "line_add": 0, "line_del": 0, "commits": 0, "contributor": 32913216}}, {"model": "pygithub_api_integration.contributingweek", "pk": 91, "fields": {"week": "2018-05-27 00:00:00", "line_add": 0, "line_del": 0, "commits": 0, "contributor": 32913216}}, {"model": "pygithub_api_integration.contributingweek", "pk": 92, "fields": {"week": "2018-03-04 00:00:00", "line_add": 0, "line_del": 0, "commits": 0, "contributor": 4073773}}, {"model": "pygithub_api_integration.contributingweek", "pk": 93, "fields": {"week": "2018-03-11 00:00:00", "line_add": 0, "line_del": 0, "commits": 0, "contributor": 4073773}}, {"model": "pygithub_api_integration.contributingweek", "pk": 94, "fields": {"week": "2018-03-18 00:00:00", "line_add": 80, "line_del": 1, "commits": 2, "contributor": 4073773}}, {"model": "pygithub_api_integration.contributingweek", "pk": 95, "fields": {"week": "2018-03-25 00:00:00", "line_add": 17, "line_del": 18, "commits": 1, "contributor": 4073773}}, {"model": "pygithub_api_integration.contributingweek", "pk": 96, "fields": {"week": "2018-04-01 00:00:00", "line_add": 120, "line_del": 20, "commits": 3, "contributor": 4073773}}, {"model": "pygithub_api_integration.contributingweek", "pk": 97, "fields": {"week": "2018-04-08 00:00:00", "line_add": 172, "line_del": 0, "commits": 4, "contributor": 4073773}}, {"model": "pygithub_api_integration.contributingweek", "pk": 98, "fields": {"week": "2018-04-15 00:00:00", "line_add": 1218, "line_del": 8, "commits": 22, "contributor": 4073773}}, {"model": "pygithub_api_integration.contributingweek", "pk": 99, "fields": {"week": "2018-04-22 00:00:00", "line_add": 0, "line_del": 0, "commits": 0, "contributor": 4073773}}, {"model": "pygithub_api_integration.contributingweek", "pk": 100, "fields": {"week": "2018-04-29 00:00:00", "line_add": 0, "line_del": 0, "commits": 0, "contributor": 4073773}}, {"model": "pygithub_api_integration.contributingweek", "pk": 101, "fields": {"week": "2018-05-06 00:00:00", "line_add": 0, "line_del": 0, "commits": 0, "contributor": 4073773}}, {"model": "pygithub_api_integration.contributingweek", "pk": 102, "fields": {"week": "2018-05-13 00:00:00", "line_add": 0, "line_del": 0, "commits": 0, "contributor": 4073773}}, {"model": "pygithub_api_integration.contributingweek", "pk": 103, "fields": {"week": "2018-05-20 00:00:00", "line_add": 0, "line_del": 0, "commits": 0, "contributor": 4073773}}, {"model": "pygithub_api_integration.contributingweek", "pk": 104, "fields": {"week": "2018-05-27 00:00:00", "line_add": 0, "line_del": 0, "commits": 0, "contributor": 4073773}}, {"model": "pygithub_api_integration.contributingweek", "pk": 105, "fields": {"week": "2018-03-04 00:00:00", "line_add": 39, "line_del": 4, "commits": 4, "contributor": 12221113}}, {"model": "pygithub_api_integration.contributingweek", "pk": 106, "fields": {"week": "2018-03-11 00:00:00", "line_add": 2, "line_del": 4, "commits": 1, "contributor": 12221113}}, {"model": "pygithub_api_integration.contributingweek", "pk": 107, "fields": {"week": "2018-03-18 00:00:00", "line_add": 278, "line_del": 63, "commits": 14, "contributor": 12221113}}, {"model": "pygithub_api_integration.contributingweek", "pk": 108, "fields": {"week": "2018-03-25 00:00:00", "line_add": 2, "line_del": 0, "commits": 1, "contributor": 12221113}}, {"model": "pygithub_api_integration.contributingweek", "pk": 109, "fields": {"week": "2018-04-01 00:00:00", "line_add": 0, "line_del": 0, "commits": 0, "contributor": 12221113}}, {"model": "pygithub_api_integration.contributingweek", "pk": 110, "fields": {"week": "2018-04-08 00:00:00", "line_add": 48, "line_del": 20, "commits": 13, "contributor": 12221113}}, {"model": "pygithub_api_integration.contributingweek", "pk": 111, "fields": {"week": "2018-04-15 00:00:00", "line_add": 12, "line_del": 5, "commits": 2, "contributor": 12221113}}, {"model": "pygithub_api_integration.contributingweek", "pk": 112, "fields": {"week": "2018-04-22 00:00:00", "line_add": 0, "line_del": 0, "commits": 0, "contributor": 12221113}}, {"model": "pygithub_api_integration.contributingweek", "pk": 113, "fields": {"week": "2018-04-29 00:00:00", "line_add": 0, "line_del": 0, "commits": 0, "contributor": 12221113}}, {"model": "pygithub_api_integration.contributingweek", "pk": 114, "fields": {"week": "2018-05-06 00:00:00", "line_add": 0, "line_del": 0, "commits": 0, "contributor": 12221113}}, {"model": "pygithub_api_integration.contributingweek", "pk": 115, "fields": {"week": "2018-05-13 00:00:00", "line_add": 0, "line_del": 0, "commits": 0, "contributor": 12221113}}, {"model": "pygithub_api_integration.contributingweek", "pk": 116, "fields": {"week": "2018-05-20 00:00:00", "line_add": 0, "line_del": 0, "commits": 0, "contributor": 12221113}}, {"model": "pygithub_api_integration.contributingweek", "pk": 117, "fields": {"week": "2018-05-27 00:00:00", "line_add": 0, "line_del": 0, "commits": 0, "contributor": 12221113}}, {"model": "pygithub_api_integration.contributingweek", "pk": 118, "fields": {"week": "2018-03-04 00:00:00", "line_add": 1, "line_del": 1, "commits": 1, "contributor": 18116735}}, {"model": "pygithub_api_integration.contributingweek", "pk": 119, "fields": {"week": "2018-03-11 00:00:00", "line_add": 0, "line_del": 0, "commits": 0, "contributor": 18116735}}, {"model": "pygithub_api_integration.contributingweek", "pk": 120, "fields": {"week": "2018-03-18 00:00:00", "line_add": 95, "line_del": 1, "commits": 1, "contributor": 18116735}}, {"model": "pygithub_api_integration.contributingweek", "pk": 121, "fields": {"week": "2018-03-25 00:00:00", "line_add": 108, "line_del": 61, "commits": 9, "contributor": 18116735}}, {"model": "pygithub_api_integration.contributingweek", "pk": 122, "fields": {"week": "2018-04-01 00:00:00", "line_add": 49, "line_del": 8, "commits": 5, "contributor": 18116735}}, {"model": "pygithub_api_integration.contributingweek", "pk": 123, "fields": {"week": "2018-04-08 00:00:00", "line_add": 80361, "line_del": 538, "commits": 12, "contributor": 18116735}}, {"model": "pygithub_api_integration.contributingweek", "pk": 124, "fields": {"week": "2018-04-15 00:00:00", "line_add": 162, "line_del": 188, "commits": 8, "contributor": 18116735}}, {"model": "pygithub_api_integration.contributingweek", "pk": 125, "fields": {"week": "2018-04-22 00:00:00", "line_add": 0, "line_del": 0, "commits": 0, "contributor": 18116735}}, {"model": "pygithub_api_integration.contributingweek", "pk": 126, "fields": {"week": "2018-04-29 00:00:00", "line_add": 0, "line_del": 0, "commits": 0, "contributor": 18116735}}, {"model": "pygithub_api_integration.contributingweek", "pk": 127, "fields": {"week": "2018-05-06 00:00:00", "line_add": 0, "line_del": 0, "commits": 0, "contributor": 18116735}}, {"model": "pygithub_api_integration.contributingweek", "pk": 128, "fields": {"week": "2018-05-13 00:00:00", "line_add": 0, "line_del": 0, "commits": 0, "contributor": 18116735}}, {"model": "pygithub_api_integration.contributingweek", "pk": 129, "fields": {"week": "2018-05-20 00:00:00", "line_add": 0, "line_del": 0, "commits": 0, "contributor": 18116735}}, {"model": "pygithub_api_integration.contributingweek", "pk": 130, "fields": {"week": "2018-05-27 00:00:00", "line_add": 0, "line_del": 0, "commits": 0, "contributor": 18116735}}, {"model": "pygithub_api_integration.contributingweek", "pk": 131, "fields": {"week": "2018-03-04 00:00:00", "line_add": 0, "line_del": 0, "commits": 0, "contributor": 16064248}}, {"model": "pygithub_api_integration.contributingweek", "pk": 132, "fields": {"week": "2018-03-11 00:00:00", "line_add": 77, "line_del": 0, "commits": 3, "contributor": 16064248}}, {"model": "pygithub_api_integration.contributingweek", "pk": 133, "fields": {"week": "2018-03-18 00:00:00", "line_add": 313, "line_del": 181, "commits": 7, "contributor": 16064248}}, {"model": "pygithub_api_integration.contributingweek", "pk": 134, "fields": {"week": "2018-03-25 00:00:00", "line_add": 0, "line_del": 0, "commits": 0, "contributor": 16064248}}, {"model": "pygithub_api_integration.contributingweek", "pk": 135, "fields": {"week": "2018-04-01 00:00:00", "line_add": 543, "line_del": 514, "commits": 21, "contributor": 16064248}}, {"model": "pygithub_api_integration.contributingweek", "pk": 136, "fields": {"week": "2018-04-08 00:00:00", "line_add": 300, "line_del": 257, "commits": 5, "contributor": 16064248}}, {"model": "pygithub_api_integration.contributingweek", "pk": 137, "fields": {"week": "2018-04-15 00:00:00", "line_add": 271, "line_del": 194, "commits": 13, "contributor": 16064248}}, {"model": "pygithub_api_integration.contributingweek", "pk": 138, "fields": {"week": "2018-04-22 00:00:00", "line_add": 0, "line_del": 0, "commits": 0, "contributor": 16064248}}, {"model": "pygithub_api_integration.contributingweek", "pk": 139, "fields": {"week": "2018-04-29 00:00:00", "line_add": 0, "line_del": 0, "commits": 0, "contributor": 16064248}}, {"model": "pygithub_api_integration.contributingweek", "pk": 140, "fields": {"week": "2018-05-06 00:00:00", "line_add": 0, "line_del": 0, "commits": 0, "contributor": 16064248}}, {"model": "pygithub_api_integration.contributingweek", "pk": 141, "fields": {"week": "2018-05-13 00:00:00", "line_add": 0, "line_del": 0, "commits": 0, "contributor": 16064248}}, {"model": "pygithub_api_integration.contributingweek", "pk": 142, "fields": {"week": "2018-05-20 00:00:00", "line_add": 0, "line_del": 0, "commits": 0, "contributor": 16064248}}, {"model": "pygithub_api_integration.contributingweek", "pk": 143, "fields": {"week": "2018-05-27 00:00:00", "line_add": 0, "line_del": 0, "commits": 0, "contributor": 16064248}}, {"model": "pygithub_api_integration.issue", "pk": 303582658, "fields": {"created_by": 18116735, "closed_by": 18116735, "state": "closed", "created_at": "2018-03-08T18:25:23Z", "closed_at": "2018-03-08T22:46:58Z", "repository": 1}}, {"model": "pygithub_api_integration.issue", "pk": 304104455, "fields": {"created_by": 12221113, "closed_by": 12221113, "state": "closed", "created_at": "2018-03-10T20:56:01Z", "closed_at": "2018-03-21T23:55:29Z", "repository": 1}}, {"model": "pygithub_api_integration.issue", "pk": 306240691, "fields": {"created_by": 16064248, "closed_by": 14143623, "state": "closed", "created_at": "2018-03-18T13:32:30Z", "closed_at": "2018-03-20T13:29:41Z", "repository": 1}}, {"model": "pygithub_api_integration.issue", "pk": 306241194, "fields": {"created_by": 16064248, "closed_by": 4073773, "state": "closed", "created_at": "2018-03-18T13:39:42Z", "closed_at": "2018-03-26T12:33:29Z", "repository": 1}}, {"model": "pygithub_api_integration.issue", "pk": 306241532, "fields": {"created_by": 16064248, "closed_by": 16064248, "state": "closed", "created_at": "2018-03-18T13:44:03Z", "closed_at": "2018-03-26T11:29:08Z", "repository": 1}}, {"model": "pygithub_api_integration.issue", "pk": 306241610, "fields": {"created_by": 16064248, "closed_by": 4073773, "state": "closed", "created_at": "2018-03-18T13:45:03Z", "closed_at": "2018-04-10T00:15:32Z", "repository": 1}}, {"model": "pygithub_api_integration.issue", "pk": 306865731, "fields": {"created_by": 16064248, "closed_by": 4073773, "state": "closed", "created_at": "2018-03-20T13:30:27Z", "closed_at": "2018-04-05T03:17:39Z", "repository": 1}}, {"model": "pygithub_api_integration.issue", "pk": 306866682, "fields": {"created_by": 16064248, "closed_by": 12221113, "state": "closed", "created_at": "2018-03-20T13:32:46Z", "closed_at": "2018-04-24T01:55:12Z", "repository": 1}}, {"model": "pygithub_api_integration.issue", "pk": 306870990, "fields": {"created_by": 12221113, "closed_by": 12221113, "state": "closed", "created_at": "2018-03-20T13:43:28Z", "closed_at": "2018-03-24T03:17:21Z", "repository": 1}}, {"model": "pygithub_api_integration.issue", "pk": 306871983, "fields": {"created_by": 16064248, "closed_by": 4073773, "state": "closed", "created_at": "2018-03-20T13:45:58Z", "closed_at": "2018-04-12T20:21:36Z", "repository": 1}}, {"model": "pygithub_api_integration.issue", "pk": 306875430, "fields": {"created_by": 18116735, "closed_by": 30262806, "state": "closed", "created_at": "2018-03-20T13:54:28Z", "closed_at": "2018-03-26T12:13:43Z", "repository": 1}}, {"model": "pygithub_api_integration.issue", "pk": 306877074, "fields": {"created_by": 12221113, "closed_by": 12221113, "state": "closed", "created_at": "2018-03-20T13:58:22Z", "closed_at": "2018-03-24T21:54:12Z", "repository": 1}}, {"model": "pygithub_api_integration.issue", "pk": 306886484, "fields": {"created_by": 12221113, "closed_by": 12221113, "state": "closed", "created_at": "2018-03-20T14:20:57Z", "closed_at": "2018-03-20T19:53:09Z", "repository": 1}}, {"model": "pygithub_api_integration.issue", "pk": 306895660, "fields": {"created_by": 14143623, "closed_by": 12221113, "state": "closed", "created_at": "2018-03-20T14:42:06Z", "closed_at": "2018-03-20T19:20:32Z", "repository": 1}}, {"model": "pygithub_api_integration.issue", "pk": 307007889, "fields": {"created_by": 12221113, "closed_by": 12221113, "state": "closed", "created_at": "2018-03-20T19:31:21Z", "closed_at": "2018-03-24T21:42:26Z", "repository": 1}}, {"model": "pygithub_api_integration.issue", "pk": 307027784, "fields": {"created_by": 12221113, "closed_by": 18116735, "state": "closed", "created_at": "2018-03-20T20:33:23Z", "closed_at": "2018-04-15T20:39:42Z", "repository": 1}}, {"model": "pygithub_api_integration.issue", "pk": 307032690, "fields": {"created_by": 12221113, "closed_by": 18116735, "state": "closed", "created_at": "2018-03-20T20:48:27Z", "closed_at": "2018-03-26T04:21:21Z", "repository": 1}}, {"model": "pygithub_api_integration.issue", "pk": 307084577, "fields": {"created_by": 12221113, "closed_by": 12221113, "state": "closed", "created_at": "2018-03-21T00:22:56Z", "closed_at": "2018-03-24T03:20:37Z", "repository": 1}}, {"model": "pygithub_api_integration.issue", "pk": 307470382, "fields": {"created_by": 12221113, "closed_by": 16064248, "state": "closed", "created_at": "2018-03-22T01:05:39Z", "closed_at": "2018-03-22T03:27:26Z", "repository": 1}}, {"model": "pygithub_api_integration.issue", "pk": 307644263, "fields": {"created_by": 18116735, "closed_by": 18116735, "state": "closed", "created_at": "2018-03-22T13:32:48Z", "closed_at": "2018-04-02T04:38:51Z", "repository": 1}}, {"model": "pygithub_api_integration.issue", "pk": 307644865, "fields": {"created_by": 12221113, "closed_by": 16064248, "state": "closed", "created_at": "2018-03-22T13:34:13Z", "closed_at": "2018-04-08T12:46:43Z", "repository": 1}}, {"model": "pygithub_api_integration.issue", "pk": 308222213, "fields": {"created_by": 18116735, "closed_by": 12221113, "state": "closed", "created_at": "2018-03-24T02:28:30Z", "closed_at": "2018-03-24T21:45:56Z", "repository": 1}}, {"model": "pygithub_api_integration.issue", "pk": 308224932, "fields": {"created_by": 4073773, "closed_by": 12221113, "state": "closed", "created_at": "2018-03-24T03:18:57Z", "closed_at": "2018-03-24T03:20:37Z", "repository": 1}}, {"model": "pygithub_api_integration.issue", "pk": 308301993, "fields": {"created_by": 12221113, "closed_by": 16064248, "state": "closed", "created_at": "2018-03-24T21:53:21Z", "closed_at": "2018-04-05T12:00:49Z", "repository": 1}}, {"model": "pygithub_api_integration.issue", "pk": 308378541, "fields": {"created_by": 32913216, "closed_by": 32913216, "state": "closed", "created_at": "2018-03-25T19:38:01Z", "closed_at": "2018-03-25T19:38:32Z", "repository": 1}}, {"model": "pygithub_api_integration.issue", "pk": 308378821, "fields": {"created_by": 32913216, "closed_by": 30262806, "state": "closed", "created_at": "2018-03-25T19:41:21Z", "closed_at": "2018-03-26T11:52:46Z", "repository": 1}}, {"model": "pygithub_api_integration.issue", "pk": 308379553, "fields": {"created_by": 32913216, "closed_by": 18116735, "state": "closed", "created_at": "2018-03-25T19:50:34Z", "closed_at": "2018-03-27T02:27:14Z", "repository": 1}}, {"model": "pygithub_api_integration.issue", "pk": 308585420, "fields": {"created_by": 37123561, "closed_by": 18116735, "state": "closed", "created_at": "2018-03-26T14:01:51Z", "closed_at": "2018-03-26T14:06:21Z", "repository": 1}}, {"model": "pygithub_api_integration.issue", "pk": 308591780, "fields": {"created_by": 37123561, "closed_by": 18116735, "state": "closed", "created_at": "2018-03-26T14:17:21Z", "closed_at": "2018-03-26T14:18:28Z", "repository": 1}}, {"model": "pygithub_api_integration.issue", "pk": 308592791, "fields": {"created_by": 37123561, "closed_by": 37123561, "state": "closed", "created_at": "2018-03-26T14:19:47Z", "closed_at": "2018-03-26T14:27:33Z", "repository": 1}}, {"model": "pygithub_api_integration.issue", "pk": 308606335, "fields": {"created_by": 5897389, "closed_by": 12221113, "state": "closed", "created_at": "2018-03-26T14:52:25Z", "closed_at": "2018-05-21T02:49:24Z", "repository": 1}}, {"model": "pygithub_api_integration.issue", "pk": 308641309, "fields": {"created_by": 30262806, "closed_by": 30262806, "state": "closed", "created_at": "2018-03-26T16:20:40Z", "closed_at": "2018-03-26T16:21:04Z", "repository": 1}}, {"model": "pygithub_api_integration.issue", "pk": 308798076, "fields": {"created_by": 30262806, "closed_by": 4073773, "state": "closed", "created_at": "2018-03-27T02:19:20Z", "closed_at": "2018-03-27T14:02:22Z", "repository": 1}}, {"model": "pygithub_api_integration.issue", "pk": 308799580, "fields": {"created_by": 4073773, "closed_by": 4073773, "state": "closed", "created_at": "2018-03-27T02:28:06Z", "closed_at": "2018-04-05T13:26:31Z", "repository": 1}}, {"model": "pygithub_api_integration.issue", "pk": 308800167, "fields": {"created_by": 32913216, "closed_by": 18116735, "state": "closed", "created_at": "2018-03-27T02:31:29Z", "closed_at": "2018-03-27T02:56:34Z", "repository": 1}}, {"model": "pygithub_api_integration.issue", "pk": 308800878, "fields": {"created_by": 4073773, "closed_by": 4073773, "state": "closed", "created_at": "2018-03-27T02:35:46Z", "closed_at": "2018-05-21T23:26:28Z", "repository": 1}}, {"model": "pygithub_api_integration.issue", "pk": 308801647, "fields": {"created_by": 4073773, "closed_by": 4073773, "state": "closed", "created_at": "2018-03-27T02:40:07Z", "closed_at": "2018-05-21T23:26:41Z", "repository": 1}}, {"model": "pygithub_api_integration.issue", "pk": 308801930, "fields": {"created_by": 18116735, "closed_by": 18116735, "state": "closed", "created_at": "2018-03-27T02:41:51Z", "closed_at": "2018-03-27T03:55:58Z", "repository": 1}}, {"model": "pygithub_api_integration.issue", "pk": 308803107, "fields": {"created_by": 4073773, "closed_by": null, "state": "open", "created_at": "2018-03-27T02:49:14Z", "closed_at": null, "repository": 1}}, {"model": "pygithub_api_integration.issue", "pk": 308804959, "fields": {"created_by": 4529055, "closed_by": 4529055, "state": "closed", "created_at": "2018-03-27T03:01:02Z", "closed_at": "2018-03-27T03:02:05Z", "repository": 1}}, {"model": "pygithub_api_integration.issue", "pk": 308804995, "fields": {"created_by": 4073773, "closed_by": 4073773, "state": "closed", "created_at": "2018-03-27T03:01:14Z", "closed_at": "2018-04-19T06:43:49Z", "repository": 1}}, {"model": "pygithub_api_integration.issue", "pk": 308807879, "fields": {"created_by": 4073773, "closed_by": 4073773, "state": "closed", "created_at": "2018-03-27T03:19:19Z", "closed_at": "2018-04-19T06:43:54Z", "repository": 1}}, {"model": "pygithub_api_integration.issue", "pk": 308808537, "fields": {"created_by": 4073773, "closed_by": 4073773, "state": "closed", "created_at": "2018-03-27T03:23:11Z", "closed_at": "2018-04-19T06:43:44Z", "repository": 1}}, {"model": "pygithub_api_integration.issue", "pk": 308810813, "fields": {"created_by": 4073773, "closed_by": 12221113, "state": "closed", "created_at": "2018-03-27T03:38:04Z", "closed_at": "2018-04-24T01:53:45Z", "repository": 1}}, {"model": "pygithub_api_integration.issue", "pk": 308811223, "fields": {"created_by": 4073773, "closed_by": 4073773, "state": "closed", "created_at": "2018-03-27T03:40:44Z", "closed_at": "2018-04-19T06:43:47Z", "repository": 1}}, {"model": "pygithub_api_integration.issue", "pk": 308811659, "fields": {"created_by": 4073773, "closed_by": 4073773, "state": "closed", "created_at": "2018-03-27T03:43:36Z", "closed_at": "2018-04-19T06:43:40Z", "repository": 1}}, {"model": "pygithub_api_integration.issue", "pk": 308812328, "fields": {"created_by": 18116735, "closed_by": 4529055, "state": "closed", "created_at": "2018-03-27T03:48:04Z", "closed_at": "2018-03-27T03:52:28Z", "repository": 1}}, {"model": "pygithub_api_integration.issue", "pk": 308812465, "fields": {"created_by": 4073773, "closed_by": 4073773, "state": "closed", "created_at": "2018-03-27T03:48:56Z", "closed_at": "2018-05-09T14:00:52Z", "repository": 1}}, {"model": "pygithub_api_integration.issue", "pk": 308813336, "fields": {"created_by": 4529055, "closed_by": 4529055, "state": "closed", "created_at": "2018-03-27T03:54:42Z", "closed_at": "2018-03-27T13:23:27Z", "repository": 1}}, {"model": "pygithub_api_integration.issue", "pk": 308813583, "fields": {"created_by": 4073773, "closed_by": 4073773, "state": "closed", "created_at": "2018-03-27T03:56:12Z", "closed_at": "2018-05-09T13:44:59Z", "repository": 1}}, {"model": "pygithub_api_integration.issue", "pk": 308814577, "fields": {"created_by": 4073773, "closed_by": 4073773, "state": "closed", "created_at": "2018-03-27T04:02:59Z", "closed_at": "2018-05-09T13:47:00Z", "repository": 1}}, {"model": "pygithub_api_integration.issue", "pk": 308814875, "fields": {"created_by": 4073773, "closed_by": null, "state": "open", "created_at": "2018-03-27T04:04:55Z", "closed_at": null, "repository": 1}}, {"model": "pygithub_api_integration.issue", "pk": 308815797, "fields": {"created_by": 4073773, "closed_by": 4073773, "state": "closed", "created_at": "2018-03-27T04:11:12Z", "closed_at": "2018-05-09T14:26:48Z", "repository": 1}}, {"model": "pygithub_api_integration.issue", "pk": 308816394, "fields": {"created_by": 4073773, "closed_by": 4073773, "state": "closed", "created_at": "2018-03-27T04:15:49Z", "closed_at": "2018-05-09T14:26:55Z", "repository": 1}}, {"model": "pygithub_api_integration.issue", "pk": 308954580, "fields": {"created_by": 30262806, "closed_by": 30262806, "state": "closed", "created_at": "2018-03-27T12:49:27Z", "closed_at": "2018-03-27T14:17:48Z", "repository": 1}}, {"model": "pygithub_api_integration.issue", "pk": 308992563, "fields": {"created_by": 4073773, "closed_by": null, "state": "open", "created_at": "2018-03-27T14:25:36Z", "closed_at": null, "repository": 1}}, {"model": "pygithub_api_integration.issue", "pk": 308999485, "fields": {"created_by": 4073773, "closed_by": null, "state": "open", "created_at": "2018-03-27T14:41:10Z", "closed_at": null, "repository": 1}}, {"model": "pygithub_api_integration.issue", "pk": 309001181, "fields": {"created_by": 4073773, "closed_by": null, "state": "open", "created_at": "2018-03-27T14:44:55Z", "closed_at": null, "repository": 1}}, {"model": "pygithub_api_integration.issue", "pk": 309003045, "fields": {"created_by": 4073773, "closed_by": null, "state": "open", "created_at": "2018-03-27T14:49:19Z", "closed_at": null, "repository": 1}}, {"model": "pygithub_api_integration.issue", "pk": 309068104, "fields": {"created_by": 37123561, "closed_by": 12221113, "state": "closed", "created_at": "2018-03-27T17:44:40Z", "closed_at": "2018-03-27T17:53:55Z", "repository": 1}}, {"model": "pygithub_api_integration.issue", "pk": 309173530, "fields": {"created_by": 30262806, "closed_by": 12221113, "state": "closed", "created_at": "2018-03-27T23:53:36Z", "closed_at": "2018-03-28T01:03:28Z", "repository": 1}}, {"model": "pygithub_api_integration.issue", "pk": 309197517, "fields": {"created_by": 30262806, "closed_by": 4529055, "state": "closed", "created_at": "2018-03-28T02:19:52Z", "closed_at": "2018-03-28T02:46:15Z", "repository": 1}}, {"model": "pygithub_api_integration.issue", "pk": 309571412, "fields": {"created_by": 4529055, "closed_by": 4529055, "state": "closed", "created_at": "2018-03-28T23:46:42Z", "closed_at": "2018-03-29T03:28:43Z", "repository": 1}}, {"model": "pygithub_api_integration.issue", "pk": 309576472, "fields": {"created_by": 30712408, "closed_by": 18116735, "state": "closed", "created_at": "2018-03-29T00:16:53Z", "closed_at": "2018-03-29T01:02:36Z", "repository": 1}}, {"model": "pygithub_api_integration.issue", "pk": 310203380, "fields": {"created_by": 12221113, "closed_by": 12221113, "state": "closed", "created_at": "2018-03-31T01:53:31Z", "closed_at": "2018-04-01T03:16:27Z", "repository": 1}}, {"model": "pygithub_api_integration.issue", "pk": 310203786, "fields": {"created_by": 12221113, "closed_by": 4073773, "state": "closed", "created_at": "2018-03-31T02:01:06Z", "closed_at": "2018-03-31T10:34:53Z", "repository": 1}}, {"model": "pygithub_api_integration.issue", "pk": 310270671, "fields": {"created_by": 30262806, "closed_by": 12221113, "state": "closed", "created_at": "2018-03-31T20:42:33Z", "closed_at": "2018-04-01T03:15:21Z", "repository": 1}}, {"model": "pygithub_api_integration.issue", "pk": 310347328, "fields": {"created_by": 18116735, "closed_by": 4529055, "state": "closed", "created_at": "2018-04-01T19:25:47Z", "closed_at": "2018-04-01T21:01:35Z", "repository": 1}}, {"model": "pygithub_api_integration.issue", "pk": 310392919, "fields": {"created_by": 18116735, "closed_by": 4529055, "state": "closed", "created_at": "2018-04-02T04:35:54Z", "closed_at": "2018-04-05T04:17:09Z", "repository": 1}}, {"model": "pygithub_api_integration.issue", "pk": 310470139, "fields": {"created_by": 4529055, "closed_by": 12221113, "state": "closed", "created_at": "2018-04-02T12:14:07Z", "closed_at": "2018-04-03T13:47:00Z", "repository": 1}}, {"model": "pygithub_api_integration.issue", "pk": 310846715, "fields": {"created_by": 12221113, "closed_by": 16064248, "state": "closed", "created_at": "2018-04-03T13:53:55Z", "closed_at": "2018-04-08T12:46:43Z", "repository": 1}}, {"model": "pygithub_api_integration.issue", "pk": 310946323, "fields": {"created_by": 4529055, "closed_by": 4529055, "state": "closed", "created_at": "2018-04-03T18:26:09Z", "closed_at": "2018-04-03T18:27:51Z", "repository": 1}}, {"model": "pygithub_api_integration.issue", "pk": 310947893, "fields": {"created_by": 4529055, "closed_by": 4529055, "state": "closed", "created_at": "2018-04-03T18:30:51Z", "closed_at": "2018-04-03T18:31:09Z", "repository": 1}}, {"model": "pygithub_api_integration.issue", "pk": 310948233, "fields": {"created_by": 4529055, "closed_by": 4529055, "state": "closed", "created_at": "2018-04-03T18:31:51Z", "closed_at": "2018-04-03T18:32:02Z", "repository": 1}}, {"model": "pygithub_api_integration.issue", "pk": 311065017, "fields": {"created_by": 16064248, "closed_by": 14143623, "state": "closed", "created_at": "2018-04-04T02:38:34Z", "closed_at": "2018-04-04T14:31:49Z", "repository": 1}}, {"model": "pygithub_api_integration.issue", "pk": 311263380, "fields": {"created_by": 4529055, "closed_by": 16064248, "state": "closed", "created_at": "2018-04-04T14:50:00Z", "closed_at": "2018-04-05T11:42:59Z", "repository": 1}}, {"model": "pygithub_api_integration.issue", "pk": 311447608, "fields": {"created_by": 4073773, "closed_by": 16064248, "state": "closed", "created_at": "2018-04-05T01:55:08Z", "closed_at": "2018-04-05T02:24:41Z", "repository": 1}}, {"model": "pygithub_api_integration.issue", "pk": 311453821, "fields": {"created_by": 18116735, "closed_by": 16064248, "state": "closed", "created_at": "2018-04-05T02:37:57Z", "closed_at": "2018-04-05T12:01:56Z", "repository": 1}}, {"model": "pygithub_api_integration.issue", "pk": 311455443, "fields": {"created_by": 4529055, "closed_by": 4073773, "state": "closed", "created_at": "2018-04-05T02:49:15Z", "closed_at": "2018-04-05T11:43:30Z", "repository": 1}}, {"model": "pygithub_api_integration.issue", "pk": 311458182, "fields": {"created_by": 4073773, "closed_by": 16064248, "state": "closed", "created_at": "2018-04-05T03:09:15Z", "closed_at": "2018-04-05T11:52:36Z", "repository": 1}}, {"model": "pygithub_api_integration.issue", "pk": 311597028, "fields": {"created_by": 4073773, "closed_by": 14143623, "state": "closed", "created_at": "2018-04-05T12:51:03Z", "closed_at": "2018-04-05T14:21:05Z", "repository": 1}}, {"model": "pygithub_api_integration.issue", "pk": 311611825, "fields": {"created_by": 16064248, "closed_by": 16064248, "state": "closed", "created_at": "2018-04-05T13:32:31Z", "closed_at": "2018-04-08T12:46:43Z", "repository": 1}}, {"model": "pygithub_api_integration.issue", "pk": 311803690, "fields": {"created_by": 16064248, "closed_by": 12221113, "state": "closed", "created_at": "2018-04-05T23:34:18Z", "closed_at": "2018-04-05T23:43:42Z", "repository": 1}}, {"model": "pygithub_api_integration.issue", "pk": 311806121, "fields": {"created_by": 12221113, "closed_by": 12221113, "state": "closed", "created_at": "2018-04-05T23:48:27Z", "closed_at": "2018-04-24T01:55:14Z", "repository": 1}}, {"model": "pygithub_api_integration.issue", "pk": 312170970, "fields": {"created_by": 16064248, "closed_by": 16064248, "state": "closed", "created_at": "2018-04-07T05:00:57Z", "closed_at": "2018-04-08T12:46:43Z", "repository": 1}}, {"model": "pygithub_api_integration.issue", "pk": 312743913, "fields": {"created_by": 4073773, "closed_by": null, "state": "open", "created_at": "2018-04-10T01:42:31Z", "closed_at": null, "repository": 1}}, {"model": "pygithub_api_integration.issue", "pk": 312750192, "fields": {"created_by": 12221113, "closed_by": 16064248, "state": "closed", "created_at": "2018-04-10T02:22:18Z", "closed_at": "2018-04-10T14:12:26Z", "repository": 1}}, {"model": "pygithub_api_integration.issue", "pk": 312965479, "fields": {"created_by": 5897389, "closed_by": null, "state": "open", "created_at": "2018-04-10T15:05:56Z", "closed_at": null, "repository": 1}}, {"model": "pygithub_api_integration.issue", "pk": 312992311, "fields": {"created_by": 4529055, "closed_by": 4073773, "state": "closed", "created_at": "2018-04-10T16:10:20Z", "closed_at": "2018-04-19T14:59:09Z", "repository": 1}}, {"model": "pygithub_api_integration.issue", "pk": 313465502, "fields": {"created_by": 4073773, "closed_by": 4529055, "state": "closed", "created_at": "2018-04-11T19:57:02Z", "closed_at": "2018-04-12T17:03:26Z", "repository": 1}}, {"model": "pygithub_api_integration.issue", "pk": 313543436, "fields": {"created_by": 18116735, "closed_by": 4073773, "state": "closed", "created_at": "2018-04-12T01:24:43Z", "closed_at": "2018-04-12T20:06:47Z", "repository": 1}}, {"model": "pygithub_api_integration.issue", "pk": 313743852, "fields": {"created_by": 30262806, "closed_by": 18116735, "state": "closed", "created_at": "2018-04-12T14:09:25Z", "closed_at": "2018-04-12T16:41:46Z", "repository": 1}}, {"model": "pygithub_api_integration.issue", "pk": 313895177, "fields": {"created_by": 18116735, "closed_by": 18116735, "state": "closed", "created_at": "2018-04-12T21:32:34Z", "closed_at": "2018-04-13T14:23:26Z", "repository": 1}}, {"model": "pygithub_api_integration.issue", "pk": 314128620, "fields": {"created_by": 18116735, "closed_by": 12221113, "state": "closed", "created_at": "2018-04-13T14:26:12Z", "closed_at": "2018-04-13T18:38:54Z", "repository": 1}}, {"model": "pygithub_api_integration.issue", "pk": 314664203, "fields": {"created_by": 4073773, "closed_by": 4073773, "state": "closed", "created_at": "2018-04-16T14:00:56Z", "closed_at": "2018-04-19T17:02:39Z", "repository": 1}}, {"model": "pygithub_api_integration.issue", "pk": 314861788, "fields": {"created_by": 16064248, "closed_by": 16064248, "state": "closed", "created_at": "2018-04-17T00:18:52Z", "closed_at": "2018-04-19T14:44:57Z", "repository": 1}}, {"model": "pygithub_api_integration.issue", "pk": 314866624, "fields": {"created_by": 30262806, "closed_by": 30262806, "state": "closed", "created_at": "2018-04-17T00:49:45Z", "closed_at": "2018-04-17T02:12:01Z", "repository": 1}}, {"model": "pygithub_api_integration.issue", "pk": 315201751, "fields": {"created_by": 16064248, "closed_by": 4073773, "state": "closed", "created_at": "2018-04-17T19:37:46Z", "closed_at": "2018-04-17T19:44:17Z", "repository": 1}}, {"model": "pygithub_api_integration.issue", "pk": 315720477, "fields": {"created_by": 18116735, "closed_by": 4073773, "state": "closed", "created_at": "2018-04-19T04:04:21Z", "closed_at": "2018-04-19T04:27:09Z", "repository": 1}}, {"model": "pygithub_api_integration.issue", "pk": 315745609, "fields": {"created_by": 4073773, "closed_by": 16064248, "state": "closed", "created_at": "2018-04-19T06:39:28Z", "closed_at": "2018-04-19T13:26:36Z", "repository": 1}}, {"model": "pygithub_api_integration.issue", "pk": 315853760, "fields": {"created_by": 4073773, "closed_by": 16064248, "state": "closed", "created_at": "2018-04-19T12:24:07Z", "closed_at": "2018-04-19T13:27:09Z", "repository": 1}}, {"model": "pygithub_api_integration.issue", "pk": 315866533, "fields": {"created_by": 4073773, "closed_by": 16064248, "state": "closed", "created_at": "2018-04-19T13:00:16Z", "closed_at": "2018-04-19T13:27:42Z", "repository": 1}}, {"model": "pygithub_api_integration.issue", "pk": 315887343, "fields": {"created_by": 4073773, "closed_by": 14143623, "state": "closed", "created_at": "2018-04-19T13:51:41Z", "closed_at": "2018-04-19T14:06:04Z", "repository": 1}}, {"model": "pygithub_api_integration.issue", "pk": 315901016, "fields": {"created_by": 16064248, "closed_by": 4529055, "state": "closed", "created_at": "2018-04-19T14:23:48Z", "closed_at": "2018-04-19T14:25:26Z", "repository": 1}}, {"model": "pygithub_api_integration.issue", "pk": 315907958, "fields": {"created_by": 4073773, "closed_by": 14143623, "state": "closed", "created_at": "2018-04-19T14:40:18Z", "closed_at": "2018-04-19T14:43:20Z", "repository": 1}}, {"model": "pygithub_api_integration.issue", "pk": 315912378, "fields": {"created_by": 4073773, "closed_by": 14143623, "state": "closed", "created_at": "2018-04-19T14:50:22Z", "closed_at": "2018-04-19T14:58:27Z", "repository": 1}}, {"model": "pygithub_api_integration.issue", "pk": 315919103, "fields": {"created_by": 16064248, "closed_by": 14143623, "state": "closed", "created_at": "2018-04-19T15:06:17Z", "closed_at": "2018-04-19T15:08:15Z", "repository": 1}}, {"model": "pygithub_api_integration.issue", "pk": 315931518, "fields": {"created_by": 16064248, "closed_by": 4529055, "state": "closed", "created_at": "2018-04-19T15:36:06Z", "closed_at": "2018-04-19T15:40:26Z", "repository": 1}}, {"model": "pygithub_api_integration.issue", "pk": 316079516, "fields": {"created_by": 12221113, "closed_by": 12221113, "state": "closed", "created_at": "2018-04-19T23:54:02Z", "closed_at": "2018-05-21T03:05:40Z", "repository": 1}}, {"model": "pygithub_api_integration.issue", "pk": 316080036, "fields": {"created_by": 12221113, "closed_by": 12221113, "state": "closed", "created_at": "2018-04-19T23:57:22Z", "closed_at": "2018-05-21T03:06:04Z", "repository": 1}}, {"model": "pygithub_api_integration.issue", "pk": 316080761, "fields": {"created_by": 12221113, "closed_by": 16064248, "state": "closed", "created_at": "2018-04-20T00:01:38Z", "closed_at": "2018-05-15T13:32:00Z", "repository": 1}}, {"model": "pygithub_api_integration.issue", "pk": 317228551, "fields": {"created_by": 12221113, "closed_by": null, "state": "open", "created_at": "2018-04-24T13:33:36Z", "closed_at": null, "repository": 1}}, {"model": "pygithub_api_integration.issue", "pk": 321188733, "fields": {"created_by": 12221113, "closed_by": null, "state": "open", "created_at": "2018-05-08T13:34:33Z", "closed_at": null, "repository": 1}}, {"model": "pygithub_api_integration.issue", "pk": 321191025, "fields": {"created_by": 12221113, "closed_by": 12221113, "state": "closed", "created_at": "2018-05-08T13:40:11Z", "closed_at": "2018-05-21T03:04:19Z", "repository": 1}}, {"model": "pygithub_api_integration.issue", "pk": 321194250, "fields": {"created_by": 4073773, "closed_by": 4073773, "state": "closed", "created_at": "2018-05-08T13:48:24Z", "closed_at": "2018-05-19T12:42:53Z", "repository": 1}}, {"model": "pygithub_api_integration.issue", "pk": 321582557, "fields": {"created_by": 4073773, "closed_by": 4073773, "state": "closed", "created_at": "2018-05-09T13:59:57Z", "closed_at": "2018-05-29T00:32:53Z", "repository": 1}}, {"model": "pygithub_api_integration.issue", "pk": 321585526, "fields": {"created_by": 4073773, "closed_by": null, "state": "open", "created_at": "2018-05-09T14:07:34Z", "closed_at": null, "repository": 1}}, {"model": "pygithub_api_integration.issue", "pk": 321586811, "fields": {"created_by": 4073773, "closed_by": 4073773, "state": "closed", "created_at": "2018-05-09T14:10:48Z", "closed_at": "2018-05-23T01:58:33Z", "repository": 1}}, {"model": "pygithub_api_integration.issue", "pk": 321594119, "fields": {"created_by": 4073773, "closed_by": null, "state": "open", "created_at": "2018-05-09T14:29:23Z", "closed_at": null, "repository": 1}}, {"model": "pygithub_api_integration.issue", "pk": 322533102, "fields": {"created_by": 4073773, "closed_by": null, "state": "open", "created_at": "2018-05-12T18:34:58Z", "closed_at": null, "repository": 1}}, {"model": "pygithub_api_integration.issue", "pk": 322533381, "fields": {"created_by": 4073773, "closed_by": null, "state": "open", "created_at": "2018-05-12T18:38:51Z", "closed_at": null, "repository": 1}}, {"model": "pygithub_api_integration.issue", "pk": 322533563, "fields": {"created_by": 4073773, "closed_by": null, "state": "open", "created_at": "2018-05-12T18:41:27Z", "closed_at": null, "repository": 1}}, {"model": "pygithub_api_integration.issue", "pk": 322534089, "fields": {"created_by": 4073773, "closed_by": 16064248, "state": "closed", "created_at": "2018-05-12T18:48:47Z", "closed_at": "2018-05-13T03:45:00Z", "repository": 1}}, {"model": "pygithub_api_integration.issue", "pk": 323216233, "fields": {"created_by": 16064248, "closed_by": 12221113, "state": "closed", "created_at": "2018-05-15T13:24:11Z", "closed_at": "2018-05-19T03:53:43Z", "repository": 1}}, {"model": "pygithub_api_integration.issue", "pk": 323234877, "fields": {"created_by": 4073773, "closed_by": 12221113, "state": "closed", "created_at": "2018-05-15T14:09:04Z", "closed_at": "2018-05-17T00:10:11Z", "repository": 1}}, {"model": "pygithub_api_integration.issue", "pk": 323619054, "fields": {"created_by": 30262806, "closed_by": 12221113, "state": "closed", "created_at": "2018-05-16T13:23:58Z", "closed_at": "2018-05-17T00:16:44Z", "repository": 1}}, {"model": "pygithub_api_integration.issue", "pk": 323828789, "fields": {"created_by": 12221113, "closed_by": 4073773, "state": "closed", "created_at": "2018-05-17T00:06:45Z", "closed_at": "2018-05-19T14:20:08Z", "repository": 1}}, {"model": "pygithub_api_integration.issue", "pk": 323830322, "fields": {"created_by": 12221113, "closed_by": 30262806, "state": "closed", "created_at": "2018-05-17T00:16:02Z", "closed_at": "2018-05-21T15:03:28Z", "repository": 1}}, {"model": "pygithub_api_integration.issue", "pk": 324627358, "fields": {"created_by": 37123561, "closed_by": 4073773, "state": "closed", "created_at": "2018-05-19T12:49:20Z", "closed_at": "2018-05-21T23:27:04Z", "repository": 1}}, {"model": "pygithub_api_integration.issue", "pk": 324631399, "fields": {"created_by": 4073773, "closed_by": 16064248, "state": "closed", "created_at": "2018-05-19T13:53:43Z", "closed_at": "2018-05-19T14:02:57Z", "repository": 1}}, {"model": "pygithub_api_integration.issue", "pk": 324632956, "fields": {"created_by": 4073773, "closed_by": 4073773, "state": "closed", "created_at": "2018-05-19T14:17:37Z", "closed_at": "2018-05-19T14:30:15Z", "repository": 1}}, {"model": "pygithub_api_integration.issue", "pk": 324638088, "fields": {"created_by": 37123561, "closed_by": 4073773, "state": "closed", "created_at": "2018-05-19T15:34:08Z", "closed_at": "2018-05-21T23:21:30Z", "repository": 1}}, {"model": "pygithub_api_integration.issue", "pk": 324774247, "fields": {"created_by": 12221113, "closed_by": null, "state": "open", "created_at": "2018-05-21T03:11:46Z", "closed_at": null, "repository": 1}}, {"model": "pygithub_api_integration.issue", "pk": 324775079, "fields": {"created_by": 30262806, "closed_by": 30262806, "state": "closed", "created_at": "2018-05-21T03:17:56Z", "closed_at": "2018-05-22T15:38:44Z", "repository": 1}}, {"model": "pygithub_api_integration.issue", "pk": 325092622, "fields": {"created_by": 4073773, "closed_by": null, "state": "open", "created_at": "2018-05-21T23:33:41Z", "closed_at": null, "repository": 1}}, {"model": "pygithub_api_integration.issue", "pk": 325102522, "fields": {"created_by": 4073773, "closed_by": 4073773, "state": "closed", "created_at": "2018-05-22T00:33:13Z", "closed_at": "2018-05-22T00:40:52Z", "repository": 1}}, {"model": "pygithub_api_integration.issue", "pk": 325124561, "fields": {"created_by": 18116735, "closed_by": 4073773, "state": "closed", "created_at": "2018-05-22T03:03:13Z", "closed_at": "2018-05-22T13:36:09Z", "repository": 1}}, {"model": "pygithub_api_integration.issue", "pk": 325303356, "fields": {"created_by": 30262806, "closed_by": 30262806, "state": "closed", "created_at": "2018-05-22T13:50:37Z", "closed_at": "2018-05-22T13:51:25Z", "repository": 1}}, {"model": "pygithub_api_integration.issue", "pk": 325451405, "fields": {"created_by": 12221113, "closed_by": 16064248, "state": "closed", "created_at": "2018-05-22T20:30:04Z", "closed_at": "2018-05-27T14:07:07Z", "repository": 1}}, {"model": "pygithub_api_integration.issue", "pk": 325475904, "fields": {"created_by": 30712408, "closed_by": 4073773, "state": "closed", "created_at": "2018-05-22T21:49:30Z", "closed_at": "2018-05-23T01:49:53Z", "repository": 1}}, {"model": "pygithub_api_integration.issue", "pk": 325687556, "fields": {"created_by": 4073773, "closed_by": 4073773, "state": "closed", "created_at": "2018-05-23T12:41:56Z", "closed_at": "2018-05-24T12:31:17Z", "repository": 1}}, {"model": "pygithub_api_integration.issue", "pk": 325926817, "fields": {"created_by": 18116735, "closed_by": null, "state": "open", "created_at": "2018-05-24T00:56:39Z", "closed_at": null, "repository": 1}}, {"model": "pygithub_api_integration.issue", "pk": 326226300, "fields": {"created_by": 30262806, "closed_by": null, "state": "open", "created_at": "2018-05-24T17:50:26Z", "closed_at": null, "repository": 1}}, {"model": "pygithub_api_integration.issue", "pk": 327389410, "fields": {"created_by": 16064248, "closed_by": null, "state": "open", "created_at": "2018-05-29T16:08:02Z", "closed_at": null, "repository": 1}}, {"model": "auth.permission", "pk": 1, "fields": {"name": "Can add log entry", "content_type": 1, "codename": "add_logentry"}}, {"model": "auth.permission", "pk": 2, "fields": {"name": "Can change log entry", "content_type": 1, "codename": "change_logentry"}}, {"model": "auth.permission", "pk": 3, "fields": {"name": "Can delete log entry", "content_type": 1, "codename": "delete_logentry"}}, {"model": "auth.permission", "pk": 4, "fields": {"name": "Can add permission", "content_type": 2, "codename": "add_permission"}}, {"model": "auth.permission", "pk": 5, "fields": {"name": "Can change permission", "content_type": 2, "codename": "change_permission"}}, {"model": "auth.permission", "pk": 6, "fields": {"name": "Can delete permission", "content_type": 2, "codename": "delete_permission"}}, {"model": "auth.permission", "pk": 7, "fields": {"name": "Can add group", "content_type": 3, "codename": "add_group"}}, {"model": "auth.permission", "pk": 8, "fields": {"name": "Can change group", "content_type": 3, "codename": "change_group"}}, {"model": "auth.permission", "pk": 9, "fields": {"name": "Can delete group", "content_type": 3, "codename": "delete_group"}}, {"model": "auth.permission", "pk": 10, "fields": {"name": "Can add user", "content_type": 4, "codename": "add_user"}}, {"model": "auth.permission", "pk": 11, "fields": {"name": "Can change user", "content_type": 4, "codename": "change_user"}}, {"model": "auth.permission", "pk": 12, "fields": {"name": "Can delete user", "content_type": 4, "codename": "delete_user"}}, {"model": "auth.permission", "pk": 13, "fields": {"name": "Can add content type", "content_type": 5, "codename": "add_contenttype"}}, {"model": "auth.permission", "pk": 14, "fields": {"name": "Can change content type", "content_type": 5, "codename": "change_contenttype"}}, {"model": "auth.permission", "pk": 15, "fields": {"name": "Can delete content type", "content_type": 5, "codename": "delete_contenttype"}}, {"model": "auth.permission", "pk": 16, "fields": {"name": "Can add session", "content_type": 6, "codename": "add_session"}}, {"model": "auth.permission", "pk": 17, "fields": {"name": "Can change session", "content_type": 6, "codename": "change_session"}}, {"model": "auth.permission", "pk": 18, "fields": {"name": "Can delete session", "content_type": 6, "codename": "delete_session"}}, {"model": "auth.permission", "pk": 19, "fields": {"name": "Can add issue", "content_type": 7, "codename": "add_issue"}}, {"model": "auth.permission", "pk": 20, "fields": {"name": "Can change issue", "content_type": 7, "codename": "change_issue"}}, {"model": "auth.permission", "pk": 21, "fields": {"name": "Can delete issue", "content_type": 7, "codename": "delete_issue"}}, {"model": "auth.permission", "pk": 22, "fields": {"name": "Can add contributing week", "content_type": 8, "codename": "add_contributingweek"}}, {"model": "auth.permission", "pk": 23, "fields": {"name": "Can change contributing week", "content_type": 8, "codename": "change_contributingweek"}}, {"model": "auth.permission", "pk": 24, "fields": {"name": "Can delete contributing week", "content_type": 8, "codename": "delete_contributingweek"}}, {"model": "auth.permission", "pk": 25, "fields": {"name": "Can add contributor", "content_type": 9, "codename": "add_contributor"}}, {"model": "auth.permission", "pk": 26, "fields": {"name": "Can change contributor", "content_type": 9, "codename": "change_contributor"}}, {"model": "auth.permission", "pk": 27, "fields": {"name": "Can delete contributor", "content_type": 9, "codename": "delete_contributor"}}, {"model": "auth.permission", "pk": 28, "fields": {"name": "Can add repository", "content_type": 10, "codename": "add_repository"}}, {"model": "auth.permission", "pk": 29, "fields": {"name": "Can change repository", "content_type": 10, "codename": "change_repository"}}, {"model": "auth.permission", "pk": 30, "fields": {"name": "Can delete repository", "content_type": 10, "codename": "delete_repository"}}, {"model": "auth.permission", "pk": 31, "fields": {"name": "Can add commit", "content_type": 11, "codename": "add_commit"}}, {"model": "auth.permission", "pk": 32, "fields": {"name": "Can change commit", "content_type": 11, "codename": "change_commit"}}, {"model": "auth.permission", "pk": 33, "fields": {"name": "Can delete commit", "content_type": 11, "codename": "delete_commit"}}, {"model": "auth.permission", "pk": 34, "fields": {"name": "Can add weight", "content_type": 12, "codename": "add_weight"}}, {"model": "auth.permission", "pk": 35, "fields": {"name": "Can change weight", "content_type": 12, "codename": "change_weight"}}, {"model": "auth.permission", "pk": 36, "fields": {"name": "Can delete weight", "content_type": 12, "codename": "delete_weight"}}]